﻿<?xml version="1.0" encoding="utf-8"?>
<TelNetConfig>
  <HOME>
  </HOME>
  <JIFEN>
  </JIFEN>
  <SHOP>
  </SHOP>
  <FUNCTION>
    <name id="购买" state="true">/gm</name>
    <name id="回城" state="true">/hj</name>
    <name id="签到" state="true">/qd</name>
    <name id="积分" state="true">/jf</name>
    <name id="设置回城" state="true">/szj</name>
    <name id="商店" state="true">/sd</name>
    <name id="获取玩家短ID" state="true">/id</name>
    <name id="接受传送" state="true">/yes</name>
    <name id="请求传送" state="true">/tp</name>
    <name id="帮助" state="true">/help</name>
  </FUNCTION>
  <SAY>
    <name id="1" time="1800000" state="true">输入/help获取指令帮助</name>
  </SAY>
</TelNetConfig>